INSERT INTO item_category (id, name, description, version) VALUES (1, 'Default Category', 'Default Category', 0)

INSERT INTO tag (id, name, version) VALUES (1, 'sample', 0)

INSERT INTO warehouse (id, name, city, location, pincode, code, version, is_parent_warehouse) VALUES (1, 'Default Warehouse', 'Bangalore', 'Koramangala', '560047', 'test1', 0, true)
INSERT INTO warehouse (id, name, city, location, pincode, code, version, is_parent_warehouse) VALUES (2, 'Default Warehouse 2', 'Bangalore', 'Koramangala', '560047', 'test2', 0, true)

INSERT INTO uom (id, name, description, notation, version) VALUES (1, "Unit", "General Units", "UNIT", 0)
INSERT INTO uom (id, name, description, notation, version) VALUES (2, "Kilogram", "Unit for weight", "KGS", 0)
INSERT INTO uom (id, name, description, notation, version) VALUES (3, "Metic Tonnes", "Unit for weight", "MT", 0)
INSERT INTO uom (id, name, description, notation, version) VALUES (4, "Number", "Unit for count", "NOS", 0)
INSERT INTO uom (id, name, description, notation, version) VALUES (5, "Boxes", "Unit for count", "BOXES", 0)
INSERT INTO uom (id, name, description, notation, version) VALUES (6, "Litres", "Unit for liquid", "LIT", 0)

INSERT INTO attribute (id, name, unit) VALUES (1,'Bike Brand',1),(2,'Bike Model',1)

INSERT INTO attribute_possible_values VALUES (1,'Bajaj'),(1,'Honda'),(1,'Yamaha'),(1,'TVS'),(1,'Suzuki'),(1,'Hero'),(1,'Royal Enfield'),(2,'Bajaj Aspire'),(2,'Bajaj Avenger 220'),(2,'Bajaj Avenger'),(2,'Bajaj Blade'),(2,'Bajaj Boxer'),(2,'Bajaj BYK'),(2,'Bajaj Caliber'),(2,'Bajaj CT 100'),(2,'Bajaj Discover 100M'),(2,'Bajaj Discover 100T'),(2,'Bajaj Discover 125'),(2,'Bajaj Discover 125ST'),(2,'Bajaj Discover 125T'),(2,'Bajaj Discover 135'),(2,'Bajaj Discover 150'),(2,'Bajaj Discover 150F'),(2,'Bajaj Discover 150S'),(2,'Bajaj Eliminator'),(2,'Bajaj KB 125'),(2,'Bajaj Kristal'),(2,'Bajaj Discover 125M'),(2,'Bajaj Platina'),(2,'Bajaj Platina 100'),(2,'Bajaj Platina 100 ES'),(2,'Bajaj Platina 125'),(2,'Bajaj Pulsar 135LS'),(2,'Bajaj Pulsar 150'),(2,'Bajaj Pulsar 180'),(2,'Bajaj Pulsar 200'),(2,'Bajaj Pulsar 200 SS'),(2,'Bajaj Pulsar 200 NS'),(2,'Bajaj Pulsar 220'),(2,'Bajaj Pulsar 150 AS'),(2,'Bajaj Pulsar 200 AS'),(2,'Bajaj Pulsar 200 RS'),(2,'Bajaj Pulsar 400 CS'),(2,'Bajaj Pulsar 400 SS'),(2,'Bajaj Sonic'),(2,'Bajaj Wind'),(2,'Bajaj XCD'),(2,'Honda Aviator 2009'),(2,'Honda Activa'),(2,'Honda Activa 125'),(2,'Honda Activa 3G'),(2,'Honda Activa i'),(2,'Honda Aviator'),(2,'Honda Shine'),(2,'Honda Trigger'),(2,'Honda Twister'),(2,'Honda Unicorn'),(2,'Honda Unicorn 160'),(2,'Honda Unicorn Dazzler'),(2,'Honda Stunner CBF'),(2,'Honda CBR150R'),(2,'Honda CBR250R'),(2,'Honda CD 110 Dream'),(2,'Honda Dio'),(2,'Honda Dio  HET'),(2,'Honda Dream Neo'),(2,'Honda Dream Yuga'),(2,'Honda Livo'),(2,'Honda Shine HET'),(2,'Honda CB 1000R '),(2,'Honda CBR1000RR Fireblade '),(2,'Honda CD 110 Dream '),(2,'Honda VT 1300CX '),(2,'Honda VFR1200F '),(2,'Honda Gold Wing GL1800'),(2,'Yamaha Alba'),(2,'Yamaha Alpha'),(2,'Yamaha Crux'),(2,'Yamaha Enticer'),(2,'Yamaha Fascino'),(2,'Yamaha Fazer'),(2,'Yamaha FZ'),(2,'Yamaha FZ 16'),(2,'Yamaha FZ S'),(2,'Yamaha Gladiator'),(2,'Yamaha Libero'),(2,'Yamaha MT'),(2,'Yamaha RAY'),(2,'Yamaha Ray Z'),(2,'Yamaha RX'),(2,'Yamaha RXG'),(2,'Yamaha Saluto'),(2,'Yamaha SS125'),(2,'Yamaha SZ'),(2,'Yamaha SZ R'),(2,'Yamaha SZ RR'),(2,'Yamaha SZ S'),(2,'Yamaha SZ X'),(2,'Yamaha YBR'),(2,'Yamaha YBR 110'),(2,'Yamaha YBR 125'),(2,'Yamaha 2015 YZF-R1 '),(2,'Yamaha Fazer FI V 2.0'),(2,'Yamaha FZ S V 2.0'),(2,'Yamaha FZ V 2.0'),(2,'Yamaha FZ1'),(2,'Yamaha Vmax'),(2,'Yamaha YZF R15'),(2,'Yamaha YZF-R1M'),(2,'TVS Apache RTR 160'),(2,'TVS Apache RTR 180'),(2,'TVS Centra'),(2,'TVS FIERO F2'),(2,'TVS Flame'),(2,'TVS Flame DS 125'),(2,'TVS Flame SR 125'),(2,'TVS Jive'),(2,'TVS Jupiter'),(2,'TVS Max 100'),(2,'TVS Max 4R'),(2,'TVS Phoenix'),(2,'TVS Scooty'),(2,'TVS Scooty Pep'),(2,'TVS Scooty Pep Plus'),(2,'TVS Scooty Streak'),(2,'TVS Scooty Zest'),(2,'TVS Star City'),(2,'TVS Star City Plus'),(2,'TVS Star Sport'),(2,'TVS Victor'),(2,'TVS Victor 2013'),(2,'TVS Wego'),(2,'TVS Heavy Duty Super XL '),(2,'Suzuki Access'),(2,'Suzuki Fiero'),(2,'Suzuki Gixxer'),(2,'Suzuki Gixxer SF'),(2,'Suzuki GS150R'),(2,'Suzuki GSR250S'),(2,'Suzuki Hayate'),(2,'Suzuki Heat'),(2,'Suzuki Inazuma'),(2,'Suzuki Lets'),(2,'Suzuki Samurai'),(2,'Suzuki Skydrive'),(2,'Suzuki Slingshot'),(2,'Suzuki Slingshot Plus'),(2,'Suzuki Swish'),(2,'Suzuki Zeus 125'),(2,'Suzuki Bandit'),(2,'Hero Achiever'),(2,'Hero Ambition'),(2,'Hero CBZ Star'),(2,'Hero CD 100'),(2,'Hero CD Dawn'),(2,'Hero CD Deluxe'),(2,'Hero Glamour'),(2,'Hero Glamour PGM Fi'),(2,'Hero Hastur'),(2,'Hero HF Dawn'),(2,'Hero HF Deluxe'),(2,'Hero HF Deluxe Eco'),(2,'Hero Hunk'),(2,'Hero Ignitor'),(2,'Hero Impulse'),(2,'Hero iON'),(2,'Hero iSmart'),(2,'Hero Karizma'),(2,'Hero Karizma R'),(2,'Hero Karizma ZMR'),(2,'Hero Maestro'),(2,'Hero Passion'),(2,'Hero Passion Plus'),(2,'Hero Passion Pro'),(2,'Hero Passion Pro TR'),(2,'Hero Passion XPro'),(2,'Hero Pleasure'),(2,'Hero Splendor iSmart'),(2,'Hero Splendor NXG'),(2,'Hero Splendor Plus'),(2,'Hero Splendor Pro'),(2,'Hero Splendor Pro Classic'),(2,'Hero Super Splendor'),(2,'Hero Xtreme'),(2,'Hero Xtreme Sports'),(2,'Royal Enfield Bullet 350'),(2,'Royal Enfield Bullet 350 Twinspark'),(2,'Royal Enfield Bullet 350 UCE'),(2,'Royal Enfield Bullet 500'),(2,'Royal Enfield Bullet 500 Twinspark'),(2,'Royal Enfield Bullet Deluxe'),(2,'Royal Enfield Bullet Electra'),(2,'Royal Enfield Bullet Electra Deluxe'),(2,'Royal Enfield Bullet Electra EFI'),(2,'Royal Enfield Bullet Electra Twinspark'),(2,'Royal Enfield Bullet Machismo'),(2,'Royal Enfield Bullet Machismo 500'),(2,'Royal Enfield Bullet STD 12V'),(2,'Royal Enfield Classic'),(2,'Royal Enfield Classic 350'),(2,'Royal Enfield Classic 500'),(2,'Royal Enfield Classic Chrome'),(2,'Royal Enfield Classic Desert Storm'),(2,'Royal Enfield Continental GT'),(2,'Royal Enfield Fury 500'),(2,'Royal Enfield Lightning 500'),(2,'Royal Enfield Taurus'),(2,'Royal Enfield Thunderbird'),(2,'Royal Enfield Thunderbird 350'),(2,'Royal Enfield Thunderbird 500'),(2,'Royal Enfield Thunderbird Twinspark'),(2,'Hero CBZ Xtreme')

INSERT INTO item (id, barcode, code, is_active, normal_price, reorder_point, reorder_quantity, vendor_alias, version, warning_point, wholesale_price, category, unit_of_measurement, is_serialized, is_taxable) VALUES (1, "SampleItem", "SampleItem", true, 150, 2, 20, "VendorAlias", 1, 5, 120, 1, 1, false, true)

INSERT INTO item (id, barcode, code, is_active, normal_price, reorder_point, reorder_quantity, vendor_alias, version, warning_point, wholesale_price, category, unit_of_measurement, is_serialized, is_taxable) VALUES (2, "SampleItem2", "SampleItem2", true, 150, 2, 20, "VendorAlias", 1, 5, 120, 1, 1, true, true)

INSERT INTO item_count (item_id, quantity_available, quantity_expired, quantity_in_hand, quantity_invoiced, quantity_issued, quantity_reserved, quantity_restock, reorder_point, reorder_quantity, warehouse, warning_point) VALUES (1, 5, 0, 7, 0, 0, 2, 0, 2, 5, 1, 5)

INSERT INTO item_count (item_id, quantity_available, quantity_expired, quantity_in_hand, quantity_invoiced, quantity_issued, quantity_reserved, quantity_restock, reorder_point, reorder_quantity, warehouse, warning_point) VALUES (1, 2, 0, 4, 0, 0, 2, 0, 3, 5, 2, 5)

INSERT INTO  item_details(item_id,assigned_sales_order,barcode_serial,best_before,is_expired,is_in_warranty,item_code,purchase_order,qty_per_unit,qty_requested,receive_date,selling_date,status,vendor_product_id,warehouse,warranty_in_months) VALUES (1,null,'SampleItem',null,false,true,'SampleItem',null,0,7,null,null,1,null,1,0)

INSERT INTO  item_details(item_id,assigned_sales_order,barcode_serial,best_before,is_expired,is_in_warranty,item_code,purchase_order,qty_per_unit,qty_requested,receive_date,selling_date,status,vendor_product_id,warehouse,warranty_in_months) VALUES (1,null,'SampleItem',null,false,true,'SampleItem',null,0,4,null,null,1,null,2,0)

INSERT INTO item_count (item_id, quantity_available, quantity_expired, quantity_in_hand, quantity_invoiced, quantity_issued, quantity_reserved, quantity_restock, reorder_point, reorder_quantity, warehouse, warning_point) VALUES (2, 1, 0, 2, 0, 0, 1, 0, 2, 5, 1, 5)

INSERT INTO item_count (item_id, quantity_available, quantity_expired, quantity_in_hand, quantity_invoiced, quantity_issued, quantity_reserved, quantity_restock, reorder_point, reorder_quantity, warehouse, warning_point) VALUES (2, 1, 0, 2, 0, 0, 1, 0, 3, 5, 2, 5)

INSERT INTO  item_details(item_id,assigned_sales_order,barcode_serial,best_before,is_expired,is_in_warranty,item_code,purchase_order,qty_per_unit,qty_requested,receive_date,selling_date,status,vendor_product_id,warehouse,warranty_in_months) VALUES (2,null,'SampleItem2001',null,false,true,'SampleItem2',null,0,1,null,null,1,null,1,0)

INSERT INTO  item_details(item_id,assigned_sales_order,barcode_serial,best_before,is_expired,is_in_warranty,item_code,purchase_order,qty_per_unit,qty_requested,receive_date,selling_date,status,vendor_product_id,warehouse,warranty_in_months) VALUES (2,null,'SampleItem20001',null,false,true,'SampleItem2',null,0,1,null,null,1,null,1,0)

INSERT INTO  item_details(item_id,assigned_sales_order,barcode_serial,best_before,is_expired,is_in_warranty,item_code,purchase_order,qty_per_unit,qty_requested,receive_date,selling_date,status,vendor_product_id,warehouse,warranty_in_months) VALUES (2,null,'SampleItem2002',null,false,true,'SampleItem2',null,0,1,null,null,1,null,2,0)

INSERT INTO  item_details(item_id,assigned_sales_order,barcode_serial,best_before,is_expired,is_in_warranty,item_code,purchase_order,qty_per_unit,qty_requested,receive_date,selling_date,status,vendor_product_id,warehouse,warranty_in_months) VALUES (2,null,'SampleItem20002',null,false,true,'SampleItem2',null,0,1,null,null,1,null,2,0)

INSERT INTO vendor (id, contact_no, contact_person, name, address_line1, address_line2, city, country, location, pincode, state, version) VALUES (1, '9962053537', 'Kumar', 'Sample Vendor', 'line 1', 'line 2', 'Bangalore', 'India', 'Koramangala', '560047', 'Karnataka', 0)

INSERT INTO kit (id,created_dttm,date,kit_number,last_mod_dttm,status,version,assigned_warehouse,request_warehouse) VALUES (1,null,null,"1000",null,1,1,1,1)
INSERT INTO kit_item_details(kit_id,barcode,current_location,current_status,is_on_the_fly,is_removed,is_restocked,item,quantity,quantity_delivered,quantity_return_expected,return_quantity,serial_number) VALUES (1,null,1,1,false,false,false,1,2,0,0,0,null)
INSERT INTO kit_item_details(kit_id,barcode,current_location,current_status,is_on_the_fly,is_removed,is_restocked,item,quantity,quantity_delivered,quantity_return_expected,return_quantity,serial_number) VALUES (1,null,1,1,false,false,false,2,1,0,0,0,null)

INSERT INTO kit (id,created_dttm,date,kit_number,last_mod_dttm,status,version,assigned_warehouse,request_warehouse) VALUES (2,null,null,"2000",null,2,1,1,1)
INSERT INTO kit_item_details(kit_id,barcode,current_location,current_status,is_on_the_fly,is_removed,is_restocked,item,quantity,quantity_delivered,quantity_return_expected,return_quantity,serial_number) VALUES (2,"SampleItem",1,2,false,false,false,1,2,2,0,0,null)
INSERT INTO kit_item_details(kit_id,barcode,current_location,current_status,is_on_the_fly,is_removed,is_restocked,item,quantity,quantity_delivered,quantity_return_expected,return_quantity,serial_number) VALUES (2,null,1,1,false,false,false,2,1,0,0,0,null)

INSERT INTO kit (id,created_dttm,date,kit_number,last_mod_dttm,status,version,assigned_warehouse,request_warehouse) VALUES (3,null,null,"3000",null,3,1,1,1)
INSERT INTO kit_item_details(kit_id,barcode,current_location,current_status,is_on_the_fly,is_removed,is_restocked,item,quantity,quantity_delivered,quantity_return_expected,return_quantity,serial_number) VALUES (3,"SampleItem",1,2,false,false,false,1,2,2,0,0,null)
INSERT INTO kit_item_details(kit_id,barcode,current_location,current_status,is_on_the_fly,is_removed,is_restocked,item,quantity,quantity_delivered,quantity_return_expected,return_quantity,serial_number) VALUES (3,"SampleItem2001",1,2,false,false,false,2,1,1,0,0,"SampleItem2001")

INSERT INTO kit (id,created_dttm,date,kit_number,last_mod_dttm,status,version,assigned_warehouse,request_warehouse) VALUES (4,null,null,"4000",null,4,1,1,1)
INSERT INTO kit_item_details(kit_id,barcode,current_location,current_status,is_on_the_fly,is_removed,is_restocked,item,quantity,quantity_delivered,quantity_return_expected,return_quantity,serial_number) VALUES (4,"SampleItem",1,4,false,false,false,1,2,2,0,0,null)

INSERT INTO kit (id,created_dttm,date,kit_number,last_mod_dttm,status,version,assigned_warehouse,request_warehouse) VALUES (5,null,null,"5000",null,4,1,1,1)
INSERT INTO kit_item_details(kit_id,barcode,current_location,current_status,is_on_the_fly,is_removed,is_restocked,item,quantity,quantity_delivered,quantity_return_expected,return_quantity,serial_number) VALUES (5,"SampleItem",1,4,false,false,false,1,2,2,0,0,null)
INSERT INTO kit_item_details(kit_id,barcode,current_location,current_status,is_on_the_fly,is_removed,is_restocked,item,quantity,quantity_delivered,quantity_return_expected,return_quantity,serial_number) VALUES (5,"SampleItem2001",1,4,false,false,false,2,1,1,0,0,"SampleItem2001")

